model,test_mae,test_rmse,test_r2,time_sec,params
DeepONet,2.5549001693725586,6.352218151092529,0.9172499179840088,92.47145748138428,68865
GNN (GCN),4.561502933502197,7.15118932723999,0.8952385783195496,95.88359689712524,7127
MLP,4.640879154205322,8.529807391479727,0.8507907390594482,228.8724672794342,702209
Transformer,2.744722366333008,6.48764705657959,0.9136838912963867,72.93439817428589,582081
